payload_length,time_diff
0,1.9114655
0,0.14005041
60,0.03564172
224,0.026685463
415,0.037872337
405,0.0417698
111,0.039697696
0,0.035537038
0,0.0314474
3,0.028143449
5,0.025671786
6,0.02387212
7,0.022566399
8,0.021612985
8,0.020910172
8,0.020387558
7,0.019995948
7,0.019700864
7,0.019477537
6,0.01930797
6,0.019178899
5,0.019080421
5,0.019005178
4,0.018947626
4,0.0189036
4,0.018869812
3,0.018843943
3,0.01882411
3,0.01880891
2,0.018797243
2,0.018788287
2,0.01878137
2,0.018776087
2,0.018772049
1,0.018768882
1,0.018766494
1,0.018764703
1,0.01876326
1,0.018762173
1,0.018761316
1,0.018760668
1,0.018760188
0,1.8926151
0,0.13903372
22,0.03667502
135,0.032902062
228,0.047610905
160,0.052860975
20,0.050986633
0,0.046621364
0,0.04226838
0,0.038743537
2,0.036102343
3,0.03417174
4,0.03276178
4,0.031723324
4,0.030950611
5,0.030370327
5,0.029931614
5,0.029598111
4,0.029343644
4,0.029148808
4,0.028999371
4,0.028884524
4,0.028796041
4,0.028727913
4,0.028675305
4,0.028634718
4,0.028603332
4,0.028579088
4,0.028560331
3,0.028545795
3,0.028534552
3,0.028525868
3,0.028519122
3,0.028513866
3,0.028509865
3,0.028506713
3,0.028504299
3,0.028502388
3,0.028500935
3,0.028499795
3,0.028498912
3,0.028498238
0,1.7876706
0,0.15895124
61,0.054915875
215,0.04341718
401,0.053531203
407,0.05795986
132,0.056845717
0,0.05353683
0,0.050088897
0,0.04725476
0,0.045134775
1,0.043606915
2,0.04251636
2,0.041735396
2,0.04117186
2,0.040761687
2,0.040460967
2,0.04023923
1,0.040074904
0,0.039952774
0,0.039861694
0,0.03979362
0,0.039742716
0,0.039704517
0,0.039675836
0,0.039654292
0,0.039638143
0,0.03962595
0,0.039616786
0,0.039609905
0,0.03960472
0,0.039600793
0,0.039597873
0,0.03959564
0,0.03959396
0,0.039592694
0,0.03959175
0,0.03959104
0,0.039590508
0,0.039590113
0,0.039589815
0,0.039589588
0,1.506167
0,0.19008332
44,0.074444845
254,0.052395966
566,0.054750603
742,0.05648356
464,0.05524572
41,0.052640874
0,0.0499769
0,0.04779673
1,0.046185408
3,0.045050718
4,0.044266798
4,0.043726683
4,0.04335259
4,0.043091338
4,0.042907365
4,0.04277686
4,0.04268375
3,0.04261712
3,0.042569194
3,0.042534705
2,0.042509764
2,0.042491782
2,0.042478744
1,0.04246931
1,0.042462446
1,0.042457514
0,0.04245391
0,0.042451296
0,0.04244939
0,0.042447995
0,0.042447016
0,0.042446293
0,0.042445768
0,0.04244538
0,0.042445105
0,0.04244491
0,0.042444754
0,0.042444624
0,0.04244455
0,0.04244451
0,1.603825
0,0.18315092
10,0.06789696
179,0.047316577
399,0.050921384
450,0.05263081
140,0.05080393
0,0.04753781
0,0.044325802
0,0.041736174
0,0.03982814
1,0.03847821
1,0.03753627
1,0.036878817
1,0.036416765
1,0.03608912
1,0.03585491
0,0.035686318
0,0.035564244
0,0.035475526
0,0.035410747
0,0.035363384
0,0.035328686
0,0.03530322
0,0.035284504
0,0.035270747
0,0.03526061
0,0.03525312
0,0.03524759
0,0.035243515
0,0.03524053
0,0.035238322
0,0.035236686
0,0.035235494
0,0.035234585
0,0.03523391
0,0.035233416
0,0.035233054
0,0.03523283
0,0.035232637
0,0.035232455
0,0.035232376
0,1.8592404
0,0.13814212
49,0.050535113
272,0.04475643
612,0.0561705
805,0.059652124
571,0.05718731
99,0.05275527
0,0.04849482
0,0.045084324
0,0.042543303
1,0.04069581
2,0.039355736
2,0.038377084
2,0.03765586
3,0.037119832
3,0.03671862
3,0.03641666
3,0.036188386
3,0.036015302
3,0.035883583
3,0.035783317
3,0.035706658
3,0.035648055
3,0.03560321
3,0.035568852
3,0.035542488
2,0.035522226
2,0.035506703
2,0.035494775
2,0.0354856
2,0.03547854
2,0.035473153
2,0.03546901
2,0.035465766
2,0.03546329
2,0.035461392
2,0.03545994
2,0.03545881
2,0.03545794
2,0.035457265
2,0.035456784
0,1.8991766
0,0.1385552
11,0.040726118
232,0.03382339
586,0.04518151
853,0.04853732
690,0.045869928
181,0.041252203
0,0.036846485
0,0.033325344
0,0.030699624
3,0.02878671
5,0.02739579
5,0.026377479
5,0.02562529
5,0.025064932
5,0.024644556
5,0.024327448
5,0.02408727
5,0.023904635
5,0.02376548
5,0.023659201
5,0.023577856
5,0.023515528
5,0.023467725
5,0.023431057
5,0.023402864
5,0.023381175
5,0.023364482
5,0.023351645
5,0.023341743
5,0.023334177
5,0.023328284
4,0.02332378
4,0.023320286
4,0.0233176
4,0.023315499
4,0.023313968
4,0.023312746
4,0.023311773
4,0.023311084
4,0.0233105
0,1.797281
0,0.14757691
10,0.047208443
201,0.040312886
491,0.052667603
655,0.057392452
362,0.05578581
18,0.051845655
0,0.047856715
0,0.04460571
3,0.042169068
4,0.040396243
4,0.039111834
4,0.0381754
5,0.03748617
5,0.03697443
5,0.03659181
5,0.0363041
5,0.03608696
5,0.03592247
5,0.03579766
5,0.035702594
5,0.03563022
5,0.035574976
5,0.03553277
5,0.03550051
5,0.03547585
5,0.03545694
5,0.035442453
5,0.03543137
5,0.03542288
5,0.035416327
5,0.03541137
5,0.035407525
5,0.03540458
5,0.03540236
5,0.035400596
5,0.035399247
5,0.035398234
5,0.03539743
5,0.035396844
5,0.035396338
0,1.9524281
0,0.12837787
23,0.034748767
202,0.03455673
485,0.051548135
681,0.05775683
458,0.056212652
56,0.051959313
0,0.047661435
0,0.04417699
0,0.041566942
1,0.03965847
2,0.038262766
3,0.037232954
3,0.036465414
3,0.035888255
3,0.0354515
3,0.035119284
3,0.034865674
3,0.034671564
3,0.03452266
2,0.034408167
2,0.034320086
2,0.0342522
1,0.034199852
1,0.03415941
1,0.034128245
0,0.0341041
0,0.034085464
0,0.034071032
0,0.034059882
0,0.034051225
0,0.03404458
0,0.034039374
0,0.034035414
0,0.034032274
0,0.034029897
0,0.034028027
0,0.0340266
0,0.034025446
0,0.03402459
0,0.03402394
0,1.9066359
0,0.14017022
25,0.04032386
234,0.03449743
572,0.047392584
841,0.052207123
705,0.050641164
203,0.046802886
0,0.042950023
0,0.03983178
0,0.037507374
2,0.035823837
3,0.034609325
4,0.033727653
4,0.033081755
4,0.03260454
4,0.032249417
5,0.03198381
4,0.031784315
4,0.03163401
4,0.031520516
4,0.03143464
4,0.03136956
3,0.03132021
3,0.0312827
3,0.031254236
2,0.031232556
2,0.031216098
2,0.031203521
2,0.031194007
1,0.031186728
1,0.031181185
1,0.031176953
1,0.03117372
1,0.031171279
1,0.031169439
0,0.031167982
0,0.031166932
0,0.031166075
0,0.031165453
0,0.03116492
0,0.03116457
0,1.681716
0,0.17345327
48,0.060095917
245,0.041175723
512,0.046466433
595,0.04900659
250,0.047478195
0,0.04427649
0,0.04105109
0,0.038430084
1,0.03649014
2,0.035111226
3,0.034143627
3,0.033463813
3,0.032982692
3,0.032639135
3,0.032391883
3,0.032212764
3,0.03208228
2,0.03198693
2,0.03191702
2,0.031865567
1,0.031827733
1,0.031799838
1,0.031779226
1,0.03176399
0,0.031752735
0,0.03174439
0,0.03173821
0,0.031733654
0,0.03173027
0,0.031727776
0,0.031725917
0,0.03172453
0,0.03172353
0,0.03172275
0,0.03172219
0,0.03172178
0,0.031721454
0,0.03172121
0,0.03172105
0,0.03172092
0,1.5876219
0,0.18055683
40,0.06265819
182,0.04155481
338,0.04553742
311,0.047924988
73,0.046675403
0,0.04380594
0,0.04084716
1,0.038419515
3,0.036619756
5,0.035346016
6,0.03446001
6,0.03384465
6,0.033414725
6,0.033111803
6,0.03289655
6,0.03274253
6,0.032631695
6,0.032551635
5,0.032493565
5,0.03245137
5,0.03242062
4,0.032398205
4,0.03238182
4,0.03236983
4,0.032361083
3,0.03235462
3,0.032349918
3,0.03234649
3,0.032343987
3,0.032342106
3,0.032340728
3,0.03233973
3,0.032339014
2,0.032338496
2,0.032338083
2,0.032337796
2,0.03233763
2,0.032337446
2,0.032337315
2,0.032337252
0,1.6555729
0,0.17768835
34,0.07445772
204,0.05981566
429,0.06666179
479,0.069500886
169,0.0678721
0,0.064501755
0,0.061134852
0,0.058410477
0,0.056396373
1,0.054962937
1,0.053954303
1,0.05324313
1,0.052738037
1,0.052376255
1,0.0521152
1,0.05192573
0,0.05178752
0,0.051686376
0,0.051612157
0,0.051557533
0,0.051517308
0,0.05148761
0,0.051465686
0,0.05144945
0,0.05143742
0,0.05142854
0,0.051421948
0,0.051417053
0,0.051413417
0,0.051410694
0,0.05140872
0,0.051407248
0,0.051406138
0,0.051405333
0,0.051404685
0,0.051404268
0,0.051403906
0,0.05140367
0,0.051403496
0,0.05140336
0,1.6203246
0,0.17341857
0,0.06520913
202,0.048509583
526,0.05386976
801,0.056519493
630,0.055262588
126,0.052368257
0,0.049401484
0,0.04696951
0,0.045158632
0,0.04386545
1,0.04295474
1,0.042313218
2,0.041858293
1,0.041533113
1,0.04129892
1,0.04112922
1,0.041005675
0,0.040915374
0,0.040849224
0,0.040800635
0,0.040764887
0,0.04073851
0,0.04071909
0,0.040704783
0,0.040694207
0,0.040686354
0,0.04068059
0,0.040676296
0,0.040673126
0,0.040670786
0,0.040669065
0,0.040667742
0,0.040666807
0,0.04066612
0,0.040665567
0,0.04066519
0,0.040664945
0,0.04066469
0,0.040664535
0,0.040664412
0,1.7361567
0,0.17299388
28,0.06744386
232,0.05361051
542,0.061208177
755,0.064058736
514,0.0621642
64,0.058516547
0,0.05493141
0,0.052044753
1,0.049908537
4,0.048381317
4,0.047299664
5,0.046531588
5,0.04598195
4,0.045585394
4,0.04529706
4,0.04508618
3,0.04493115
3,0.044816785
2,0.044732105
2,0.04466931
1,0.044622675
0,0.044587914
0,0.044561993
0,0.04454263
0,0.04452822
0,0.04451741
0,0.044509348
0,0.0445033
0,0.04449877
0,0.044495407
0,0.04449289
0,0.044491008
0,0.04448954
0,0.04448849
0,0.044487678
0,0.044487096
0,0.044486627
0,0.04448631
0,0.04448605
0,0.044485856
0,2.1434457
0,0.11346917
43,0.041811027
240,0.047092352
559,0.06558639
788,0.06997841
626,0.06621246
153,0.060203027
0,0.054640923
0,0.05022641
0,0.046898663
1,0.044417024
2,0.042556647
3,0.04114829
4,0.0400719
5,0.039242644
5,0.0385997
6,0.03809866
6,0.037706714
6,0.037399042
6,0.03715693
6,0.036965977
6,0.03681515
5,0.036695763
5,0.03660127
5,0.03652629
5,0.0364668
5,0.03641953
4,0.036382046
4,0.03635219
4,0.03632845
4,0.036309566
4,0.03629456
4,0.036282644
4,0.036273103
3,0.03626551
3,0.036259502
3,0.036254674
3,0.03625087
3,0.03624781
3,0.03624538
3,0.036243487
0,1.644894
0,0.17707922
31,0.06544971
167,0.048012044
318,0.053659353
296,0.056409273
70,0.0550999
0,0.052113105
0,0.04907258
1,0.046599668
3,0.044775523
4,0.04348723
5,0.042591035
5,0.04196772
5,0.04153126
5,0.041223027
5,0.04100354
5,0.04084619
5,0.040732756
4,0.04065063
4,0.040591042
4,0.040547684
3,0.04051606
3,0.040492956
3,0.04047607
2,0.040463757
2,0.040454693
2,0.040448084
2,0.04044322
2,0.04043967
2,0.040437058
1,0.040435143
1,0.04043373
1,0.0404327
1,0.040431958
1,0.04043139
1,0.040430985
1,0.04043069
1,0.040430486
1,0.040430304
1,0.04043018
1,0.040430095
0,1.8865259
0,0.14870785
53,0.0587548
185,0.05419044
302,0.06630005
222,0.07004854
37,0.06776158
0,0.06349303
0,0.059370574
1,0.056063425
3,0.05359562
4,0.051800158
5,0.050498284
6,0.04954894
6,0.04885069
6,0.04833301
6,0.047946587
6,0.047656517
6,0.047437925
6,0.047272537
6,0.047147166
6,0.047051895
6,0.046979375
6,0.04692411
6,0.046881925
5,0.046849724
5,0.046825126
5,0.046806306
5,0.046791945
5,0.04678091
5,0.046772435
5,0.046765983
5,0.04676107
5,0.046757292
5,0.046754394
5,0.046752155
5,0.046750467
5,0.04674915
5,0.046748143
5,0.04674739
5,0.04674678
5,0.04674635
0,1.6307718
0,0.18909332
23,0.072888285
172,0.05096728
337,0.05476172
309,0.056962732
64,0.055507164
0,0.05245039
0,0.049342472
0,0.04680273
1,0.04491947
2,0.043582734
3,0.042648472
3,0.041995697
3,0.041536644
3,0.041210994
3,0.040978074
3,0.0408103
3,0.04068878
3,0.040600345
3,0.040535796
3,0.04048853
3,0.040453874
3,0.04042837
3,0.040409625
2,0.04039583
2,0.04038562
2,0.040378097
2,0.04037251
2,0.040368427
2,0.04036538
2,0.040363133
2,0.040361457
2,0.04036023
2,0.04035933
2,0.040358666
2,0.040358186
2,0.040357824
2,0.04035753
2,0.040357344
2,0.040357202
2,0.0403571
0,1.7776712
0,0.16310881
41,0.06259762
229,0.05247743
513,0.06346657
681,0.06826301
424,0.06724795
40,0.06391634
0,0.06040364
0,0.057497554
2,0.055311672
4,0.053727794
5,0.05259137
5,0.05177381
6,0.051181395
6,0.05074874
6,0.050430644
6,0.050195493
6,0.050020836
6,0.049890753
6,0.049793538
6,0.049720738
6,0.04966613
6,0.04962509
5,0.049594205
5,0.049570974
5,0.049553424
5,0.049540203
4,0.04953025
4,0.049522728
4,0.04951701
4,0.049512733
4,0.049509495
4,0.04950701
4,0.049505185
3,0.049503777
3,0.049502738
3,0.049501933
3,0.049501322
3,0.049500845
3,0.04950049
3,0.049500246
0,1.5709589
0,0.19241858
65,0.07453867
228,0.05193187
419,0.05496484
408,0.057045087
114,0.055833027
0,0.05311267
0,0.05030744
0,0.048004627
2,0.046298433
3,0.04509332
4,0.044257764
4,0.043679997
4,0.043278396
4,0.04299695
4,0.042798154
3,0.042656682
3,0.0425555
2,0.04248283
2,0.0424304
1,0.042392537
0,0.04236511
0,0.042345207
0,0.04233076
0,0.04232023
0,0.042312562
0,0.042307016
0,0.042302914
0,0.042299952
0,0.042297833
0,0.042296242
0,0.042295087
0,0.042294268
0,0.04229368
0,0.042293206
0,0.042292885
0,0.042292632
0,0.042292465
0,0.042292316
0,0.042292237
0,0.042292167
0,1.7403733
0,0.16351706
18,0.05387575
203,0.03910563
484,0.04704003
661,0.050179366
384,0.048321877
22,0.04457351
0,0.04086063
0,0.03786736
3,0.03565404
5,0.03407325
6,0.032953814
6,0.032157924
6,0.031587165
6,0.03117407
6,0.030872798
6,0.030651623
5,0.030488482
5,0.03036773
5,0.03027804
4,0.03021138
4,0.030161561
4,0.030124439
3,0.030096663
3,0.030075895
3,0.03006036
2,0.030048715
2,0.030039942
2,0.030033426
2,0.030028468
2,0.03002478
1,0.030022016
1,0.030019915
1,0.030018384
1,0.030017229
1,0.030016331
1,0.030015668
1,0.03001515
1,0.030014774
0,0.030014502
0,0.030014293
0,1.9405895
0,0.14003707
14,0.045497917
205,0.0400501
498,0.05248063
700,0.056425344
448,0.0541113
40,0.049731333
0,0.045497157
0,0.042101953
2,0.039568603
3,0.03772381
4,0.03638386
4,0.035404555
4,0.034682713
4,0.034146417
3,0.033745393
3,0.03344398
3,0.033216394
2,0.0330441
2,0.03291329
2,0.032813802
1,0.032737922
1,0.032680046
0,0.032635786
0,0.032601945
0,0.032576103
0,0.032556284
0,0.03254106
0,0.032529403
0,0.032520447
0,0.03251362
0,0.032508336
0,0.032504287
0,0.03250121
0,0.03249882
0,0.032496978
0,0.032495566
0,0.0324945
0,0.03249363
0,0.032493033
0,0.032492526
0,1.5432082
0,0.1887687
55,0.081295185
238,0.06299142
479,0.06723294
536,0.069474295
206,0.06816449
0,0.06532387
0,0.06242296
3,0.060048614
6,0.058287624
8,0.05703936
9,0.056169398
10,0.055564184
10,0.055140804
11,0.05484239
11,0.054630365
11,0.05447875
11,0.054369822
11,0.054291226
10,0.054234315
10,0.054193027
10,0.054163024
10,0.054141168
10,0.054125212
10,0.054113578
10,0.054105062
9,0.05409886
9,0.05409431
9,0.054090966
9,0.05408854
9,0.054086775
9,0.054085452
9,0.054084502
9,0.0540838
9,0.054083243
9,0.054082893
9,0.054082613
9,0.0540824
9,0.05408227
9,0.054082133
9,0.05408207
0,1.5635772
0,0.18320982
25,0.07112273
215,0.050486296
517,0.053189624
739,0.05444528
527,0.052529
80,0.04932202
0,0.046193447
0,0.043668594
0,0.041801702
1,0.040475447
2,0.039546635
2,0.03889657
2,0.03843883
3,0.038113836
3,0.03788137
2,0.03771391
2,0.037592642
2,0.037504453
2,0.03744008
1,0.037393034
1,0.03735856
0,0.037333198
0,0.037314605
0,0.037300903
0,0.037290808
0,0.03728336
0,0.03727786
0,0.03727382
0,0.03727087
0,0.03726864
0,0.03726702
0,0.0372658
0,0.037264913
0,0.03726426
0,0.037263796
0,0.037263453
0,0.03726315
0,0.037262972
0,0.037262816
0,0.037262723
0,1.6858522
0,0.17733417
31,0.06593389
218,0.04802678
491,0.053605974
615,0.056014184
305,0.054239765
8,0.05081932
0,0.047432266
2,0.04469692
5,0.04267501
6,0.041235473
7,0.040221952
8,0.039506823
8,0.03899832
9,0.03863355
9,0.03836985
9,0.038177956
9,0.03803753
9,0.03793448
9,0.037858553
9,0.03780246
9,0.03776099
9,0.037730273
9,0.037707463
9,0.03769057
9,0.03767794
9,0.037668575
9,0.037661597
9,0.03765643
9,0.037652552
9,0.037649684
9,0.03764754
8,0.03764597
8,0.03764475
8,0.03764387
8,0.03764322
8,0.037642732
8,0.037642322
8,0.03764207
8,0.037641894
8,0.03764172
0,1.8432587
0,0.14894374
12,0.05826435
208,0.049638376
524,0.059645455
798,0.0628379
662,0.060582306
169,0.056449734
0,0.052428134
0,0.049178123
0,0.046741847
1,0.044966534
1,0.043680653
2,0.042745404
2,0.042060114
2,0.041554205
1,0.041178066
1,0.04089687
1,0.04068582
0,0.040526703
0,0.04040658
0,0.040315524
0,0.040246457
0,0.04019394
0,0.04015403
0,0.04012361
0,0.04010041
0,0.04008279
0,0.040069323
0,0.04005903
0,0.040051166
0,0.040045142
0,0.040040568
0,0.040037055
0,0.040034395
0,0.04003233
0,0.0400308
0,0.040029604
0,0.04002865
0,0.040027983
0,0.040027443
0,0.04002705
0,1.8516233
0,0.15239534
0,0.04617515
182,0.034400377
499,0.044531114
787,0.04866168
642,0.04715495
147,0.043514986
0,0.039829433
0,0.036831856
0,0.0345971
2,0.03298507
3,0.031830393
3,0.030999573
3,0.030396806
3,0.029955806
2,0.029630898
2,0.029390166
2,0.02921099
2,0.029077211
1,0.028977046
1,0.028901866
1,0.028845364
0,0.028802833
0,0.028770747
0,0.02874654
0,0.0287283
0,0.028714517
0,0.028704094
0,0.028696178
0,0.02869018
0,0.028685676
0,0.028682275
0,0.028679678
0,0.028677734
0,0.028676214
0,0.028675085
0,0.028674228
0,0.028673591
0,0.02867311
0,0.02867276
0,0.028672462
0,1.8626107
0,0.13518606
21,0.044598024
234,0.04071622
566,0.05275508
803,0.05621009
578,0.053546928
95,0.048949983
0,0.044585716
0,0.041111454
3,0.03852659
5,0.036644064
6,0.03527355
7,0.03426787
7,0.033522766
8,0.032966066
8,0.03254726
8,0.032230634
8,0.031990252
8,0.031807277
8,0.0316676
8,0.031560753
8,0.031478994
8,0.03141626
8,0.031368107
8,0.03133109
8,0.03130265
8,0.031280767
7,0.031263933
7,0.031250913
7,0.031240968
7,0.031233246
7,0.031227326
7,0.031222744
7,0.031219216
7,0.03121649
7,0.031214373
7,0.031212749
7,0.031211505
7,0.03121057
7,0.031209843
7,0.031209206
0,1.7256601
0,0.1702672
57,0.06685581
260,0.051426053
555,0.058327958
692,0.061178893
404,0.059453793
28,0.055950105
0,0.05245834
0,0.04963115
1,0.04753502
3,0.04603614
5,0.04497467
5,0.04422068
6,0.043680646
6,0.043290403
7,0.04300614
7,0.042797823
7,0.04264428
7,0.042530812
6,0.042446565
6,0.04238394
6,0.042337317
6,0.04230247
6,0.04227647
6,0.04225703
5,0.042242453
5,0.042231552
5,0.042223405
5,0.042217284
5,0.042212673
5,0.042209253
5,0.042206656
5,0.042204708
5,0.042203266
5,0.042202204
4,0.042201314
4,0.042200744
4,0.042200297
4,0.042199932
4,0.04219968
4,0.042199492
0,1.5664531
0,0.19152409
53,0.07383096
271,0.05134928
610,0.053806446
847,0.05531944
696,0.05376134
198,0.050874487
0,0.047999565
0,0.045669656
0,0.043953564
3,0.042746145
5,0.041912433
6,0.041338902
6,0.04094285
7,0.040667456
7,0.040474582
7,0.040338606
7,0.040242266
7,0.040173575
7,0.040124565
6,0.040089443
6,0.040064182
6,0.04004606
6,0.040032987
5,0.040023517
5,0.040016696
5,0.040011786
4,0.04000822
4,0.040005665
4,0.040003803
4,0.04000245
4,0.040001497
3,0.040000744
3,0.04000021
3,0.039999858
3,0.039999608
3,0.039999414
3,0.039999258
3,0.03999918
3,0.03999909
3,0.03999903
0,2.0174985
0,0.12039524
67,0.04234665
237,0.044317767
442,0.06076221
439,0.065509446
132,0.06272704
0,0.057627168
0,0.052758962
0,0.048860386
0,0.045924786
2,0.043749128
2,0.042131696
3,0.04091823
3,0.039999116
3,0.039297387
3,0.03875819
3,0.03834188
2,0.03801917
2,0.037768252
1,0.03757265
1,0.037419826
0,0.03730022
0,0.037206516
0,0.037133057
0,0.037075266
0,0.03702989
0,0.036994264
0,0.036966182
0,0.03694408
0,0.036926698
0,0.036912993
0,0.036902193
0,0.036893666
0,0.036886994
0,0.0368817
0,0.03687753
0,0.036874235
0,0.03687169
0,0.03686964
0,0.03686799
0,0.03686672
0,1.9476084
0,0.12400763
63,0.051334683
274,0.052098885
598,0.066652715
794,0.07103702
606,0.06865897
140,0.06407161
0,0.059580434
0,0.05590803
0,0.053095605
0,0.05098438
1,0.049400453
2,0.04820431
2,0.04729361
3,0.046595197
3,0.046056267
3,0.045638356
4,0.04531302
4,0.045058846
4,0.04485989
3,0.044703744
3,0.044581056
3,0.04448444
3,0.04440834
3,0.044348355
2,0.044300966
2,0.04426353
2,0.044234034
2,0.044210646
2,0.044192202
2,0.044177573
1,0.04416597
1,0.04415689
1,0.044149667
1,0.044143878
1,0.044139393
1,0.04413583
1,0.044133015
1,0.044130698
1,0.044128925
1,0.044127543
0,1.8157281
0,0.15136221
21,0.05011538
195,0.039384093
431,0.048591245
533,0.05190816
221,0.049984753
0,0.04617424
0,0.04241711
0,0.039375737
2,0.037101887
3,0.035451747
4,0.034261066
4,0.03339759
4,0.0327661
3,0.032300234
3,0.03195414
3,0.03169548
2,0.03150133
1,0.03135505
1,0.031244604
0,0.031160986
0,0.031097608
0,0.03104944
0,0.031012928
0,0.030985126
0,0.030963955
0,0.030947847
0,0.030935569
0,0.030926222
0,0.030919122
0,0.030913712
0,0.030909533
0,0.030906362
0,0.030904
0,0.030902145
0,0.03090073
0,0.030899668
0,0.030898837
0,0.030898212
0,0.030897746
0,0.030897407
0,1.6981493
0,0.16639578
21,0.06456619
220,0.05152585
524,0.059121277
731,0.061996553
474,0.060100123
46,0.05641291
0,0.05276773
0,0.04981647
1,0.04761833
3,0.0460341
4,0.044900928
5,0.044086922
5,0.0434971
5,0.04306594
5,0.042748366
5,0.04251299
5,0.042337764
5,0.04220683
4,0.042108748
4,0.042035013
4,0.041979574
4,0.041937795
3,0.04190627
3,0.04188248
3,0.041864485
3,0.04185087
2,0.041840576
2,0.041832767
2,0.04182689
2,0.041822422
2,0.041819036
1,0.041816454
1,0.04181455
1,0.041813053
1,0.041811943
1,0.04181107
1,0.04181045
1,0.04180995
1,0.041809592
1,0.041809294
0,1.900005
0,0.14035597
11,0.04653462
143,0.039731875
268,0.051542316
212,0.055704787
29,0.053813692
0,0.049780447
0,0.04576957
0,0.04250603
1,0.040049437
2,0.038251046
2,0.03694066
3,0.0359811
3,0.03527289
3,0.034746185
3,0.034351822
3,0.034055103
3,0.03383088
3,0.033660896
3,0.03353167
3,0.03343327
3,0.03335817
3,0.03330083
3,0.033256967
3,0.033223324
2,0.033197626
2,0.033177882
2,0.03316276
2,0.033151157
2,0.033142228
2,0.033135414
2,0.033130158
2,0.03312612
2,0.033123016
2,0.033120617
2,0.0331188
2,0.033117384
2,0.033116292
2,0.033115514
2,0.033114865
2,0.033114374
0,1.7456129
0,0.16681117
5,0.056140788
218,0.03953925
558,0.045786176
854,0.048292845
729,0.046431437
213,0.042917874
0,0.039470945
0,0.03670154
0,0.034658764
3,0.033204142
4,0.032178093
4,0.0314522
4,0.030934451
4,0.030561948
3,0.030291853
3,0.03009473
3,0.029950252
2,0.029843936
2,0.029765407
1,0.029707285
1,0.029664243
0,0.029632287
0,0.029608535
0,0.02959088
0,0.029577708
0,0.029567933
0,0.029560653
0,0.029555188
0,0.029551113
0,0.029548088
0,0.029545804
0,0.02954418
0,0.029542895
0,0.029541986
0,0.02954126
0,0.029540742
0,0.02954034
0,0.029540041
0,0.029539874
0,0.029539676
0,1.8755512
0,0.14341752
28,0.042330638
263,0.035298288
629,0.047096927
904,0.05115535
778,0.049076304
258,0.044871222
0,0.040744293
0,0.03741618
0,0.03492899
3,0.033118214
5,0.031803526
6,0.030842477
6,0.030133264
6,0.029605353
6,0.02920963
6,0.028911343
6,0.028685534
6,0.028514033
6,0.028383432
6,0.028283784
6,0.028207647
6,0.028149368
6,0.028104732
5,0.028070515
5,0.028044218
5,0.028024076
5,0.028008563
5,0.027996635
5,0.027987512
5,0.027980449
5,0.027975036
5,0.027970882
4,0.027967704
4,0.027965212
4,0.027963316
4,0.027961822
4,0.027960708
4,0.027959863
4,0.027959174
4,0.02795867
0,1.7366447
0,0.16311245
0,0.05257889
193,0.036366493
518,0.043172352
808,0.045954764
663,0.044116057
157,0.040509973
0,0.036951087
0,0.03408885
0,0.031978596
3,0.030476412
4,0.029416187
4,0.028664703
4,0.028127002
4,0.027738547
4,0.027455537
4,0.0272479
3,0.027094843
3,0.026981609
2,0.0268975
2,0.026834963
2,0.02678834
1,0.02675354
1,0.026727477
0,0.02670806
0,0.026693484
0,0.026682595
0,0.026674429
0,0.026668316
0,0.026663734
0,0.026660306
0,0.02665771
0,0.026655791
0,0.026654312
0,0.02665322
0,0.026652427
0,0.02665182
0,0.026651314
0,0.026650975
0,0.026650714
0,0.026650546
0,1.8896565
0,0.1402979
20,0.05171814
239,0.04799989
597,0.06097392
906,0.0651236
848,0.0628598
378,0.058470514
0,0.05421621
0,0.050805703
0,0.048261773
4,0.046407823
5,0.045058325
5,0.044068523
5,0.043335892
5,0.0427891
5,0.042378247
5,0.04206798
5,0.04183274
5,0.0416539
5,0.041517504
4,0.041413303
4,0.041333582
4,0.041272532
3,0.041225668
3,0.041189656
2,0.041162048
2,0.0411408
1,0.041124444
1,0.04111186
1,0.04110217
0,0.04109469
0,0.041088954
0,0.041084547
0,0.04108113
0,0.041078523
0,0.04107645
0,0.041074887
0,0.04107372
0,0.041072767
0,0.041072067
0,0.041071508
0,1.6225898
0,0.16561595
10,0.05418598
184,0.03553979
422,0.039248277
529,0.04079188
219,0.03886768
0,0.035586376
0,0.032392
0,0.029820403
2,0.02791951
2,0.02656571
3,0.025612583
3,0.024940377
3,0.024462761
3,0.024120396
3,0.023873014
3,0.02369309
2,0.023561606
2,0.023465192
1,0.023394195
1,0.023341926
1,0.023303298
0,0.023274714
0,0.0232536
0,0.023237957
0,0.023226378
0,0.023217762
0,0.023211373
0,0.02320669
0,0.02320317
0,0.023200577
0,0.023198577
0,0.023197187
0,0.02319611
0,0.023195306
0,0.023194762
0,0.023194293
0,0.023193995
0,0.023193749
0,0.023193581
0,0.023193425
0,1.9227253
0,0.15171373
3,0.054643236
201,0.04669451
519,0.059253015
786,0.06386953
609,0.06210736
119,0.05805595
0,0.05400326
0,0.05071633
0,0.048258387
3,0.04647307
3,0.045182515
4,0.044244576
4,0.043557145
4,0.043049157
4,0.042671077
4,0.042388223
4,0.04217571
4,0.04201538
4,0.041894164
4,0.0418023
4,0.04173253
3,0.04167951
3,0.041639157
3,0.041608356
3,0.041584875
3,0.041567
2,0.041553333
2,0.041542873
2,0.041534897
2,0.041528802
2,0.041524157
2,0.041520573
2,0.04151782
2,0.041515745
1,0.041514162
1,0.04151294
1,0.041511986
1,0.04151124
1,0.041510735
1,0.04151032
0,2.0366695
0,0.11872967
46,0.031548135
171,0.031620614
285,0.047071468
221,0.05149436
38,0.04873527
0,0.043783017
0,0.039072454
0,0.03530696
0,0.032479223
0,0.030393017
0,0.028852036
0,0.027704904
0,0.026843699
0,0.026192157
0,0.02569625
0,0.025317023
0,0.025025876
0,0.02480161
0,0.024628436
0,0.024494512
0,0.024390636
0,0.02431007
0,0.024247507
0,0.024198806
0,0.02416093
0,0.024131441
0,0.024108483
0,0.02409053
0,0.024076523
0,0.024065634
0,0.024057144
0,0.024050476
0,0.024045268
0,0.02404127
0,0.024038093
0,0.024035612
0,0.024033679
0,0.024032174
0,0.02403103
0,0.024030121
0,1.9633969
0,0.13208231
8,0.045024674
226,0.04566961
582,0.06192627
894,0.067289755
815,0.065185964
320,0.06059564
0,0.05606992
0,0.052403707
1,0.04963561
5,0.047587845
7,0.046071347
7,0.044938456
7,0.044083923
7,0.043433998
7,0.04293652
7,0.042553816
7,0.042258378
7,0.042029534
7,0.041851874
6,0.04171371
6,0.041606057
6,0.041522164
6,0.04145655
6,0.041405346
6,0.041365296
6,0.04133395
5,0.041309413
5,0.041290183
5,0.04127512
5,0.041263323
5,0.04125409
5,0.041246865
5,0.04124113
5,0.041236695
5,0.04123318
4,0.041230436
4,0.04122827
4,0.041226584
4,0.04122526
4,0.041224193
0,1.7014222
0,0.16965312
0,0.061031405
217,0.04681591
595,0.055028077
958,0.058738884
956,0.057428386
539,0.054098293
36,0.05068162
0,0.047896966
0,0.045833435
2,0.044362023
6,0.043323256
8,0.04258711
8,0.04206075
8,0.04168075
7,0.04140423
7,0.04120174
7,0.041052796
6,0.04094282
6,0.04086144
6,0.04080103
5,0.04075614
5,0.04072276
5,0.040697917
5,0.040679332
4,0.040665496
4,0.04065516
4,0.04064742
4,0.04064169
4,0.040637337
3,0.04063413
3,0.040631734
3,0.040629886
3,0.040628515
3,0.040627535
3,0.04062677
3,0.040626213
3,0.040625777
2,0.040625438
2,0.0406252
2,0.040625036
0,1.8167101
0,0.15733013
26,0.064424515
197,0.056053918
455,0.06635388
621,0.06987351
370,0.06785691
25,0.063886546
0,0.059980854
0,0.0568195
0,0.0544531
0,0.052732762
0,0.051489323
0,0.050586466
0,0.04992559
0,0.04943797
0,0.0490757
0,0.048805065
0,0.04860197
0,0.048449103
0,0.048333675
0,0.048246287
0,0.048180077
0,0.04812985
0,0.048091598
0,0.048062555
0,0.04804043
0,0.04802358
0,0.048010714
0,0.04800092
0,0.047993455
0,0.04798777
0,0.047983397
0,0.04798009
0,0.04797758
0,0.047975656
0,0.04797415
0,0.04797299
0,0.04797213
0,0.047971487
0,0.047970988
0,0.04797061
0,1.8026673
0,0.15815109
33,0.060126085
243,0.050447337
576,0.061291885
804,0.06543101
604,0.06368828
126,0.059761573
0,0.05581734
0,0.052609015
3,0.050208393
6,0.048466515
7,0.04720987
7,0.04629837
7,0.045631632
8,0.045139678
8,0.044774227
8,0.044501223
8,0.044296253
8,0.044141885
8,0.044025354
8,0.043937046
8,0.043870095
8,0.04381924
8,0.04378051
8,0.04375102
8,0.043728568
8,0.043711413
8,0.043698348
8,0.04368835
8,0.04368075
8,0.043674894
8,0.04367043
8,0.04366703
8,0.043664448
8,0.043662455
8,0.043660883
8,0.04365976
8,0.04365886
8,0.043658163
8,0.04365768
8,0.043657277
0,1.8334494
0,0.15063164
70,0.04451497
281,0.030899366
581,0.038387228
710,0.040397946
406,0.037494134
26,0.0329856
0,0.028751275
0,0.025389852
2,0.022901418
4,0.021105127
6,0.019812545
7,0.018876044
7,0.01819074
7,0.017684361
7,0.017307146
7,0.017024344
7,0.01681119
7,0.016649982
7,0.016527636
7,0.016434608
6,0.016363738
6,0.016309666
6,0.016268352
6,0.016236732
5,0.016212592
5,0.016194081
5,0.016179958
5,0.01616907
5,0.016160777
5,0.016154455
4,0.016149549
4,0.016145824
4,0.01614294
4,0.016140735
4,0.016139047
4,0.016137725
4,0.016136764
4,0.016135985
4,0.016135415
4,0.016134972
0,1.9087446
0,0.13480848
23,0.047403127
202,0.04582295
455,0.05991432
577,0.06471905
270,0.062879965
0,0.05875955
0,0.054651197
0,0.051298566
0,0.048758313
0,0.046879537
1,0.045492887
1,0.044462763
1,0.043690797
1,0.043107875
0,0.042664852
0,0.042326473
0,0.04206697
0,0.041867364
0,0.04171353
0,0.041594714
0,0.04150276
0,0.041431505
0,0.041376267
0,0.041333407
0,0.041300125
0,0.041274276
0,0.04125415
0,0.041238543
0,0.041226413
0,0.041216914
0,0.041209526
0,0.041203815
0,0.041199338
0,0.0411959
0,0.041193165
0,0.041191082
0,0.041189454
0,0.04118815
0,0.04118717
0,0.04118642
0,1.7848911
0,0.16251451
30,0.05999603
183,0.04549473
377,0.05352982
402,0.056631774
125,0.054673757
0,0.050824586
0,0.047035027
1,0.04398905
3,0.041738853
5,0.040130366
5,0.038988702
6,0.038174402
6,0.03758834
6,0.037162613
6,0.036850937
6,0.03662139
6,0.036451474
6,0.03632518
6,0.03623109
6,0.03616083
5,0.036108185
5,0.036068738
5,0.036039107
5,0.036016874
5,0.036000088
5,0.0359875
4,0.035977986
4,0.035970885
4,0.035965472
4,0.035961434
4,0.035958387
4,0.03595605
4,0.035954323
4,0.03595301
4,0.035951998
4,0.03595127
4,0.03595069
4,0.035950247
4,0.03594995
4,0.035949703
0,1.636251
0,0.17276844
64,0.063807756
249,0.04611424
510,0.050672036
618,0.05242733
332,0.050409384
17,0.046945676
0,0.043574452
0,0.04085893
0,0.0388491
0,0.03741584
1,0.036406055
2,0.03569413
3,0.035188895
3,0.034827333
3,0.034566596
4,0.03437735
3,0.034239274
3,0.034138046
3,0.03406362
3,0.034008805
2,0.033968255
2,0.03393826
1,0.03391608
1,0.033899605
1,0.033887405
0,0.033878345
0,0.03387162
0,0.033866588
0,0.033862863
0,0.033860095
0,0.033858057
0,0.0338565
0,0.03385536
0,0.033854477
0,0.03385388
0,0.0338534
0,0.033853088
0,0.033852816
0,0.03385258
0,0.03385244
0,1.842487
0,0.15009634
58,0.043100398
207,0.030678494
380,0.039840218
372,0.04309404
108,0.040953256
0,0.0368929
0,0.0329349
0,0.029759215
2,0.027405513
3,0.02571162
3,0.024498845
4,0.02362535
4,0.022990381
3,0.022524474
3,0.022179952
2,0.021923644
2,0.021732064
1,0.021588365
0,0.021480242
0,0.021398744
0,0.02133722
0,0.021290647
0,0.021255435
0,0.021228721
0,0.02120846
0,0.021193119
0,0.021181462
0,0.021172611
0,0.021165898
0,0.021160798
0,0.021156916
0,0.021153959
0,0.021151727
0,0.02115004
0,0.021148713
0,0.02114773
0,0.021146977
0,0.021146392
0,0.021145964
0,0.021145614
0,1.7433797
0,0.1615022
48,0.05370397
187,0.03811781
331,0.04518058
289,0.04799641
61,0.046093225
0,0.04239586
0,0.03874682
0,0.035803277
1,0.03362149
2,0.032057147
2,0.030943656
2,0.030146895
2,0.029571334
2,0.029151453
1,0.028842522
1,0.02861373
0,0.02844345
0,0.028316157
0,0.028220756
0,0.028149145
0,0.028095217
0,0.028054627
0,0.028023971
0,0.028000826
0,0.027983343
0,0.027970118
0,0.02796015
0,0.027952569
0,0.027946858
0,0.027942521
0,0.027939225
0,0.027936747
0,0.027934877
0,0.027933476
0,0.0279324
0,0.02793158
0,0.02793097
0,0.027930463
0,0.027930127
0,0.027929867
0,1.8869995
0,0.1483045
19,0.044959925
239,0.035995677
596,0.04752509
898,0.051818095
808,0.050083023
305,0.046189766
0,0.042317923
0,0.039197326
0,0.036882464
3,0.03521701
4,0.034025718
5,0.033169188
5,0.032547925
6,0.032093506
6,0.031758666
6,0.031510573
6,0.03132592
6,0.031188024
5,0.031084744
5,0.03100727
5,0.03094908
5,0.030905234
4,0.030872239
4,0.030847332
4,0.030828537
4,0.030814337
3,0.03080359
3,0.03079549
3,0.030789392
3,0.030784784
3,0.030781241
2,0.030778604
2,0.030776644
2,0.030775102
2,0.03077397
2,0.03077309
2,0.030772401
2,0.030771906
2,0.03077157
2,0.030771272
0,1.7263098
0,0.1749485
36,0.06834926
255,0.05158147
600,0.057424963
855,0.059733044
690,0.057852257
180,0.05436571
0,0.050932307
0,0.048155263
3,0.046093244
7,0.04461708
8,0.043572433
9,0.042832267
9,0.04230438
9,0.041924916
9,0.041650124
10,0.04144986
10,0.041303214
9,0.041195456
9,0.041115917
9,0.041057125
9,0.041013565
9,0.040981285
9,0.04095726
8,0.040939398
8,0.040926084
8,0.04091617
8,0.040908806
8,0.040903285
7,0.040899195
7,0.040896118
7,0.040893853
7,0.04089214
7,0.040890906
7,0.040889926
7,0.040889226
7,0.040888675
7,0.04088828
7,0.040887993
7,0.040887747
7,0.04088759
0,1.8503923
0,0.14410739
26,0.038473636
177,0.029934326
358,0.04147007
352,0.045853302
89,0.044164278
0,0.040264033
0,0.036354072
0,0.033182982
0,0.030814273
1,0.029095395
2,0.027852627
2,0.02694781
2,0.026282454
3,0.02578864
3,0.025419382
3,0.025141733
2,0.024932085
2,0.024773275
2,0.02465268
2,0.024560941
2,0.024491059
2,0.02443775
2,0.024397032
2,0.024365934
1,0.024342181
1,0.024323957
1,0.024310054
1,0.024299426
1,0.024291275
1,0.02428498
1,0.024280215
1,0.024276542
1,0.02427374
1,0.024271572
1,0.024269963
1,0.024268663
1,0.024267716
1,0.024266938
1,0.024266405
1,0.02426594
0,1.8436811
0,0.15704453
37,0.061526902
208,0.053004123
446,0.06404059
521,0.06803429
215,0.06620377
2,0.062288374
0,0.05840343
3,0.05526214
6,0.052920014
8,0.05122527
9,0.05000604
9,0.049124625
10,0.048482265
10,0.048010364
10,0.04766141
10,0.047401894
11,0.047208156
11,0.04706302
11,0.046954032
10,0.04687193
10,0.04681007
10,0.046763368
10,0.046728004
10,0.04670124
10,0.04668104
10,0.046665676
10,0.04665399
10,0.04664517
10,0.04663849
10,0.046633363
10,0.04662949
10,0.046626594
10,0.04662432
10,0.046622634
10,0.04662137
10,0.046620417
9,0.04661963
9,0.046619073
9,0.046618626
9,0.046618327
0,1.9201277
0,0.1338626
15,0.03595092
215,0.034110773
538,0.049189266
786,0.054510873
613,0.05280121
133,0.04867938
0,0.044566188
0,0.041235343
0,0.038737137
1,0.036908787
1,0.03557276
1,0.034589104
1,0.03385828
1,0.033310845
1,0.032898054
1,0.03258532
1,0.03234752
0,0.0321661
0,0.03202744
0,0.031921186
0,0.031839725
0,0.031777203
0,0.031729087
0,0.031692173
0,0.031663667
0,0.031641707
0,0.031624805
0,0.031611774
0,0.031601716
0,0.03159402
0,0.031587984
0,0.031583387
0,0.03157982
0,0.03157708
0,0.031574953
0,0.03157334
0,0.031572033
0,0.031571057
0,0.031570304
0,0.031569693
0,1.7342479
0,0.16567579
0,0.062401343
199,0.048953936
525,0.057015143
808,0.06047203
630,0.059059437
123,0.055734083
0,0.052354515
0,0.049600676
0,0.047552582
2,0.04608458
3,0.04504302
3,0.044301886
2,0.043770406
2,0.04338612
1,0.043106142
1,0.04290103
0,0.042750012
0,0.042638432
0,0.04255577
0,0.042494375
0,0.042448703
0,0.04241467
0,0.042389307
0,0.04237034
0,0.042356174
0,0.042345617
0,0.042337693
0,0.042331774
0,0.042327303
0,0.042324018
0,0.042321518
0,0.042319644
0,0.042318247
0,0.042317197
0,0.04231636
0,0.04231583
0,0.04231542
0,0.042315044
0,0.04231481
0,0.042314615
0,1.7609434
0,0.16461273
70,0.061950356
213,0.04901385
370,0.057419747
344,0.060783688
98,0.059167374
0,0.055657893
0,0.052140478
0,0.0492885
0,0.047171112
0,0.045654576
1,0.044579245
1,0.043814946
1,0.04326776
1,0.042872917
1,0.042585846
0,0.042376027
0,0.042221867
0,0.042108204
0,0.042024214
0,0.041961934
0,0.041915637
0,0.04188126
0,0.04185566
0,0.04183659
0,0.04182234
0,0.041811716
0,0.041803803
0,0.041797873
0,0.04179344
0,0.041790098
0,0.041787643
0,0.041785777
0,0.041784372
0,0.041783337
0,0.04178257
0,0.041781977
0,0.04178153
0,0.04178123
0,0.041780986
0,0.041780803
0,1.8555857
0,0.14672011
10,0.042733073
130,0.03260936
249,0.043324918
217,0.047249548
39,0.04529344
0,0.041231107
0,0.037224222
0,0.033998758
0,0.031603415
0,0.029875683
0,0.028635236
0,0.0277393
0,0.027086394
0,0.026606401
0,0.02625099
0,0.025986401
0,0.025788536
0,0.025640061
0,0.025528332
0,0.025444133
0,0.025380494
0,0.025332337
0,0.025295878
0,0.025268285
0,0.025247244
0,0.025231345
0,0.025219223
0,0.025210032
0,0.025203062
0,0.025197754
0,0.025193663
0,0.025190601
0,0.025188265
0,0.025186485
0,0.025185136
0,0.025184086
0,0.025183307
0,0.02518267
0,0.025182253
0,0.025181944
0,2.0698955
0,0.123512305
71,0.04913508
222,0.053379536
374,0.07239523
309,0.07803168
67,0.07530509
0,0.06997021
1,0.06481818
3,0.06066099
5,0.057506938
6,0.055150792
7,0.05338574
8,0.052052137
8,0.05103559
9,0.050254926
9,0.049651735
9,0.049183555
9,0.048818618
8,0.04853331
8,0.04830968
8,0.048133995
8,0.04799565
8,0.047886673
8,0.04780059
7,0.047732577
7,0.04767889
7,0.047636267
7,0.047602598
7,0.047575835
7,0.047554728
7,0.047537893
7,0.047524583
7,0.047514036
7,0.047505666
7,0.047498975
7,0.047493737
6,0.04748953
6,0.047486223
6,0.04748356
6,0.04748147
6,0.04747981
0,1.722085
0,0.16859378
28,0.062134117
219,0.048843842
510,0.057090517
683,0.06063886
413,0.059251327
34,0.055915877
0,0.05250979
0,0.04972466
0,0.047647286
0,0.046155192
1,0.045095116
1,0.044340312
1,0.043798942
1,0.043407403
1,0.043122213
2,0.042913135
2,0.04275923
1,0.042645495
1,0.04256117
1,0.042498525
1,0.042451933
1,0.04241718
1,0.042391226
0,0.042371847
0,0.042357363
0,0.04234651
0,0.0423384
0,0.042332333
0,0.042327777
0,0.04232433
0,0.04232177
0,0.042319864
0,0.04231842
0,0.04231732
0,0.042316515
0,0.0423159
0,0.042315453
0,0.042315133
0,0.042314906
0,0.042314705
0,2.009049
0,0.12733342
34,0.04610427
216,0.048921492
478,0.0654983
604,0.07046403
301,0.06802178
5,0.0632715
0,0.058694743
0,0.055018626
1,0.052249573
2,0.050199892
3,0.048679624
3,0.047542192
4,0.04668327
4,0.046029493
4,0.045528777
3,0.045143414
3,0.044845745
3,0.044615135
2,0.04443609
2,0.044296797
1,0.044188235
1,0.044103537
1,0.04403742
0,0.04398573
0,0.043945316
0,0.043913633
0,0.043888886
0,0.04386949
0,0.043854263
0,0.04384232
0,0.043833002
0,0.04382564
0,0.043819904
0,0.043815367
0,0.043811806
0,0.04380908
0,0.043806873
0,0.043805193
0,0.043803822
0,0.04380278
0,1.910444
0,0.14687231
2,0.051842976
229,0.04754565
568,0.06257604
829,0.06822089
603,0.0666515
93,0.06246687
0,0.058210056
0,0.0547368
3,0.052127432
7,0.050221246
9,0.04883349
9,0.047816705
9,0.047065005
9,0.04650474
9,0.04608435
9,0.04576726
9,0.04552717
9,0.0453447
9,0.04520569
9,0.045099538
8,0.04501836
8,0.04495619
8,0.044908483
8,0.044871844
8,0.04484371
8,0.044822067
8,0.044805415
8,0.044792604
8,0.044782713
7,0.044775166
7,0.044769295
7,0.044764742
7,0.044761296
7,0.044758603
7,0.0447566
7,0.044754952
7,0.04475372
7,0.04475276
7,0.044752058
7,0.044751473
0,1.9215105
0,0.14740905
12,0.048427477
150,0.040718947
307,0.052775003
302,0.056829702
73,0.05461346
0,0.05024689
0,0.045985416
1,0.04256026
4,0.040008448
5,0.038156632
6,0.036817126
6,0.035841685
7,0.03512466
7,0.034592997
7,0.034195907
7,0.033897646
7,0.033672668
7,0.033502363
7,0.033373084
6,0.033274762
6,0.03319983
6,0.033142682
6,0.03309903
6,0.033065684
6,0.033040155
6,0.033020593
6,0.03300563
6,0.032994207
5,0.03298538
5,0.032978658
5,0.03297344
5,0.03296948
5,0.03296647
5,0.03296417
5,0.03296233
5,0.032960977
5,0.032959875
5,0.032959096
5,0.03295846
5,0.03295798
0,2.0422235
0,0.11019134
41,0.047830608
155,0.05514457
250,0.072683044
176,0.07674819
27,0.07306283
0,0.067251354
0,0.061872512
0,0.05759631
1,0.05436426
2,0.051945057
3,0.050123163
3,0.048736706
3,0.04767136
3,0.04684627
3,0.04620333
2,0.045700002
2,0.04530451
2,0.044992812
2,0.044746645
1,0.044551726
1,0.044397205
1,0.04427455
0,0.044177067
0,0.04409955
0,0.044037808
0,0.043988626
0,0.043949466
0,0.043918237
0,0.04389333
0,0.043873478
0,0.04385756
0,0.043844882
0,0.043834817
0,0.04382676
0,0.0438203
0,0.04381513
0,0.04381102
0,0.043807723
0,0.04380512
0,0.043803044
0,1.8877419
0,0.13611786
29,0.0480844
251,0.045424536
588,0.059580714
821,0.064463995
601,0.062547214
104,0.058253344
0,0.053960662
0,0.050453346
0,0.047795795
2,0.04583139
3,0.044382535
4,0.043306958
4,0.042501457
4,0.04189346
3,0.041431513
3,0.041078705
3,0.04080822
3,0.040600117
2,0.040439725
2,0.040315658
2,0.0402197
1,0.040145338
1,0.040087584
1,0.040042747
0,0.04000786
0,0.03998077
0,0.03995967
0,0.039943263
0,0.039930467
0,0.039920513
0,0.03991271
0,0.039906695
0,0.03990199
0,0.03989832
0,0.03989546
0,0.039893188
0,0.039891448
0,0.039890066
0,0.039889015
0,0.039888225
0,1.7694728
0,0.15322302
36,0.050626148
208,0.04060772
437,0.050444756
501,0.054397393
189,0.05291545
0,0.04936815
0,0.045763295
0,0.042815354
0,0.040604543
1,0.039000027
2,0.03784374
2,0.037006672
2,0.03639557
2,0.03594576
2,0.035612255
2,0.03536368
1,0.035177525
1,0.035037775
1,0.034932494
0,0.034853112
0,0.034793053
0,0.034747664
0,0.034713227
0,0.034687113
0,0.03466733
0,0.034652237
0,0.03464084
0,0.034632158
0,0.034625564
0,0.03462054
0,0.034616735
0,0.034613844
0,0.034611598
0,0.034609936
0,0.034608625
0,0.034607653
0,0.034606922
0,0.03460634
0,0.034605898
0,0.03460559
0,1.8016771
0,0.15938589
25,0.05389152
188,0.042386685
398,0.052235015
435,0.055833533
138,0.053838458
0,0.049817756
0,0.045857362
0,0.04266913
2,0.040304646
4,0.03860428
5,0.03738844
5,0.03651402
6,0.03587917
6,0.035413966
6,0.035070404
6,0.034815107
6,0.034624513
6,0.034481723
6,0.034374498
5,0.034293737
5,0.034232836
5,0.034186848
5,0.034152076
5,0.034125753
5,0.034105893
5,0.03409076
5,0.03407935
5,0.034070704
4,0.034064073
4,0.03405909
4,0.0340553
4,0.034052443
4,0.034050237
4,0.034048587
4,0.034047343
4,0.034046408
4,0.03404564
4,0.034045096
4,0.034044668
4,0.03404437
0,1.7559872
0,0.15519457
10,0.058216766
208,0.047074094
509,0.055246934
706,0.05812252
427,0.056146268
27,0.05242508
0,0.048785686
0,0.045855165
1,0.04367854
3,0.042112067
4,0.040993012
4,0.04019039
4,0.03961025
4,0.0391874
4,0.038877085
4,0.038648043
4,0.038478263
3,0.038351964
3,0.038257726
3,0.03818731
3,0.03813462
2,0.03809511
2,0.03806541
2,0.03804317
2,0.038026374
2,0.038013753
1,0.038004275
1,0.037997104
1,0.037991736
1,0.037987687
1,0.03798465
1,0.037982315
1,0.0379806
1,0.037979275
0,0.037978295
0,0.03797754
0,0.037976965
0,0.037976537
0,0.037976213
0,0.037976004
0,1.9566895
0,0.12878387
46,0.04540912
143,0.045340784
211,0.059586957
139,0.06353146
24,0.060736693
0,0.055906903
0,0.051355984
0,0.047749482
0,0.04506861
0,0.04311278
1,0.04168441
1,0.040632755
1,0.039851356
1,0.03926615
1,0.038825125
1,0.038491137
0,0.038237333
0,0.038043797
0,0.037895862
0,0.03778262
0,0.037695754
0,0.037629
0,0.03757766
0,0.0375382
0,0.03750778
0,0.037484303
0,0.037466254
0,0.037452266
0,0.037441507
0,0.037433207
0,0.03742677
0,0.03742176
0,0.03741793
0,0.037414998
0,0.037412684
0,0.03741089
0,0.03740956
0,0.03740848
0,0.037407644
0,0.037407015
